Down,Up,Left,Right,Cell,Smoking,Eyes Closed,No Face
0.85,0.6,0.9,0.8,0.95,0.8,0.85,0.9
0.94505537,0.00015547867,0.045024503,0.0010048082,0.14879127,0.0029003283,0.87944794,0.0049404507
0.0024509833,0.00028533317,0.06504326,0.0001385579,0.13150057,0.0035610688,0.00012275169,0.0009607139
0.0036302647,0.0014037209,0.3795284,0.00017137779,0.17784381,0.0054438375,0.00023550828,0.0055389456
0.98640823,5.6510864e-05,0.0070529142,0.00093018444,0.86738235,0.0029268614,0.45107576,0.004277526
0.0031522305,0.00021622179,0.011628147,0.00015943414,0.029827192,0.0020366723,0.0007986428,0.0003451041
0.9839781,7.495479e-05,0.00044956242,0.0006902845,0.018453747,0.0020300858,0.99405813,0.00023811587

