Down,Up,Left,Right,Cell,Smoking,Eyes Closed,No Face
0.85,0.6,0.9,0.8,0.95,0.8,0.85,0.9
0.31564444,0.17311005,0.36718792,0.13439013,0.23393658,0.12251098,0.11101187,0.57928485
